DELETE FROM TVS_PAIS;
INSERT INTO TVS_PAIS(IDE_PAIS, NOMBRE_PAIS,COD_PAIS,ESTADO,FEC_CAMBIO,FEC_CREACION,COD_USUARIO_CREA)
       VALUES (1, 'CUBA', 'CUBA', 'ACTIVO',NULL,NULL,'USER1');
INSERT INTO TVS_PAIS(IDE_PAIS, NOMBRE_PAIS,COD_PAIS,ESTADO,FEC_CAMBIO,FEC_CREACION,COD_USUARIO_CREA)
       VALUES (2, 'EEUU', 'EEUU', 'ACTIVO',NULL,NULL,'USER1');
DELETE FROM TABLE_GENERATOR;
INSERT INTO TABLE_GENERATOR(SEQ_NAME, SEQ_VALUE)
       VALUES ('TVS_PAIS_SEQ', 1);

DELETE FROM TVS_MUNICIPIO;
INSERT INTO TVS_MUNICIPIO(IDE_MUNIC, NOMBRE_MUNIC, COD_MUNIC,COD_DEPAR,ESTADO,FEC_CAMBIO,FEC_CREACION,COD_USUARIO_CREA)
       VALUES ('1', 'MUNICIPIO1','CODIGO1','CODIGODEPTO1','ACTIVO',NULL, NULL ,'USER1');
INSERT INTO TVS_MUNICIPIO(IDE_MUNIC, NOMBRE_MUNIC, COD_MUNIC,COD_DEPAR,ESTADO,FEC_CAMBIO,FEC_CREACION,COD_USUARIO_CREA)
       VALUES ('2', 'MUNICIPIO2','CODIGO2','CODIGODEPTO2','ACTIVO',NULL, NULL ,'USER1');

DELETE  FROM TVS_DEPARTAMENTO;
INSERT  INTO TVS_DEPARTAMENTO (IDE_DEPAR,NOMBRE_DEPAR,COD_DEPAR, COD_PAIS, ESTADO, FEC_CAMBIO, FEC_CREACION, COD_USUARIO_CREA)
        VALUES ('1', 'DEPARTAMENTO1','CODIGODEPTO1','CUBA','ACTIVO',NULL, NULL ,'USER1');
INSERT  INTO TVS_DEPARTAMENTO (IDE_DEPAR,NOMBRE_DEPAR,COD_DEPAR, COD_PAIS, ESTADO, FEC_CAMBIO, FEC_CREACION, COD_USUARIO_CREA)
        VALUES ('2', 'DEPARTAMENTO2','CODIGODEPTO2','CODIGOPAIS2','ACTIVO',NULL, NULL ,'USER1');

DELETE FROM TVS_CONSTANTES;
INSERT INTO TVS_CONSTANTES(IDE_CONST, CODIGO, NOMBRE, COD_PADRE, ESTADO)
       VALUES ('1','CODIGO1','NOMBRE1','CODIGOPADRE1','ACTIVO');
INSERT INTO TVS_CONSTANTES(IDE_CONST, CODIGO, NOMBRE, COD_PADRE, ESTADO)
       VALUES ('2','CODIGO2','NOMBRE2','CODIGOPADRE1','INACTIVO');
INSERT INTO TVS_CONSTANTES(IDE_CONST, CODIGO, NOMBRE, COD_PADRE, ESTADO)
       VALUES ('3','CA-TID','CA-TID-NOM','CODIGO1','ACTIVO');


DELETE FROM FUNCIONARIOS;
INSERT INTO FUNCIONARIOS(IDE_FUNCI, COD_TIP_DOC_IDENT, NRO_IDENTIFICACION, NOM_FUNCIONARIO, VAL_APELLIDO1, VAL_APELLIDO2,
                          CORR_ELECTRONICO, LOGIN_NAME, ESTADO, CREDENCIALES)
       VALUES ('1','COD_TIP_DOC_IDENT','NRO_IDENTIFICACION','NOM_FUNCIONARIO1','VAL_APELLIDO1','VAL_APELLIDO2','CORR_ELECTRONICO',
              'LOGIN_NAME','ACTIVO','CREDENCIALES 1');
INSERT INTO FUNCIONARIOS(IDE_FUNCI, COD_TIP_DOC_IDENT, NRO_IDENTIFICACION, NOM_FUNCIONARIO, VAL_APELLIDO1, VAL_APELLIDO2,
                          CORR_ELECTRONICO, LOGIN_NAME, ESTADO, CREDENCIALES)
       VALUES ('2','COD_TIP_DOC_IDENT','NRO_IDENTIFICACION','NOM_FUNCIONARIO2','VAL_APELLIDO1','VAL_APELLIDO2','CORR_ELECTRONICO',
              'LOGIN_NAME1','INACTIVO','CREDENCIALES 2');

DELETE FROM TVS_ORGANIGRAMA_ADMINISTRATIVO;
INSERT INTO TVS_ORGANIGRAMA_ADMINISTRATIVO (IDE_ORGA_ADMIN, COD_ORG, NOM_ORG, DESC_ORG, IND_ES_ACTIVO, IDE_ORGA_ADMIN_PADRE, COD_NIVEL, IDE_USUARIO_CAMBIO)
VALUES ('3', '10120141', 'GIT GES JURIDICA', 'GRUPO INTERNO DE TRABAJO DE GESTION JURIDICA', '1','1' , '1', '1');

INSERT INTO TVS_ORGANIGRAMA_ADMINISTRATIVO (IDE_ORGA_ADMIN, COD_ORG, NOM_ORG, DESC_ORG, IND_ES_ACTIVO, COD_NIVEL, IDE_USUARIO_CAMBIO)
VALUES ('1', '1', 'DIRECCION DE IMPUESTOS Y ADUANAS NACIONALES', 'DIRECCION DE IMPUESTOS Y ADUANAS NACIONALES', '1', '0', '1');

INSERT INTO TVS_ORGANIGRAMA_ADMINISTRATIVO (IDE_ORGA_ADMIN, COD_ORG, NOM_ORG, DESC_ORG, IND_ES_ACTIVO, IDE_ORGA_ADMIN_PADRE, COD_NIVEL, IDE_USUARIO_CAMBIO)
VALUES ('2', '1012014', 'GIT GES JURIDICA', 'GRUPO INTERNO DE TRABAJO DE GESTION JURIDICA', '1', '3', '1', '1');

INSERT INTO TVS_ORGANIGRAMA_ADMINISTRATIVO (IDE_ORGA_ADMIN, COD_ORG, NOM_ORG, DESC_ORG, IND_ES_ACTIVO, IDE_ORGA_ADMIN_PADRE, COD_NIVEL, IDE_USUARIO_CAMBIO)
VALUES ('4', '10120142', 'GIT GES JURIDICA', 'GRUPO INTERNO DE TRABAJO DE GESTION JURIDICA', '1', '2', '1', '1');

INSERT INTO TVS_ORGA_ADMIN_X_FUNCI_PK (COD_ORGA_ADMI, IDE_FUNCI, ESTADO, FEC_CAMBIO, FEC_CREACION, COD_USUARIO_CREA) VALUES ('10120141', 1, 'ACTIVO', null, null, null);
INSERT INTO TVS_ORGA_ADMIN_X_FUNCI_PK (COD_ORGA_ADMI, IDE_FUNCI, ESTADO, FEC_CAMBIO, FEC_CREACION, COD_USUARIO_CREA) VALUES ('104010412', 2, 'ACTIVO', null, null, null);

DELETE FROM COR_PLANILLAS;
INSERT INTO COR_PLANILLAS (IDE_PLANILLA,NRO_PLANILLA,FEC_GENERACION,COD_TIPO_PLANILLA,COD_FUNC_GENERA,COD_SEDE_ORIGEN,COD_DEPENDENCIA_ORIGEN,COD_SEDE_DESTINO,COD_DEPENDENCIA_DESTINO,COD_CLASE_ENVIO,COD_MODALIDAD_ENVIO,FECHA_CREA,COD_USUARIO_CREA,FECHA_MODIF,COD_USUARIO_MODIF,IDE_ECM)
VALUES ('100','104000000000001',NULL,NULL,'1','1040','10401040','1040','10401040',NULL,NULL,NULL,NULL,NULL,NULL,NULL);

INSERT INTO COR_PLANILLAS (IDE_PLANILLA,NRO_PLANILLA,FEC_GENERACION,COD_TIPO_PLANILLA,COD_FUNC_GENERA,COD_SEDE_ORIGEN,COD_DEPENDENCIA_ORIGEN,COD_SEDE_DESTINO,COD_DEPENDENCIA_DESTINO,COD_CLASE_ENVIO,COD_MODALIDAD_ENVIO,FECHA_CREA,COD_USUARIO_CREA,FECHA_MODIF,COD_USUARIO_MODIF,IDE_ECM)
VALUES ('200','104000000000002',NULL,NULL,'1','1040','10401040','1040','10401040',NULL,NULL,NULL,NULL,NULL,NULL,NULL);

DELETE FROM COR_CORRESPONDENCIA;
INSERT INTO COR_CORRESPONDENCIA (IDE_DOCUMENTO,DESCRIPCION,TIEMPO_RESPUESTA,COD_UNIDAD_TIEMPO,COD_MEDIO_RECEPCION,FEC_RADICADO,NRO_RADICADO,COD_TIPO_CMC,IDE_INSTANCIA,REQ_DIST_FISICA,COD_FUNC_RADICA,COD_SEDE,COD_DEPENDENCIA,REQ_DIGITA,COD_EMP_MSJ,NRO_GUIA,FEC_VEN_GESTION,COD_ESTADO,COD_CLASE_ENVIO,COD_MODALIDAD_ENVIO)
VALUES ('836','Correspondencia 836','10','UNID-TID','ME-RECVN',NULL,'1040TP-CMCOE2017000001','TP-CMCOE','33144','SD','1','1040','10401040','0',NULL,NULL,CURRENT_DATE,'AS',NULL,NULL);

INSERT INTO COR_CORRESPONDENCIA (IDE_DOCUMENTO,DESCRIPCION,TIEMPO_RESPUESTA,COD_UNIDAD_TIEMPO,COD_MEDIO_RECEPCION,FEC_RADICADO,NRO_RADICADO,COD_TIPO_CMC,IDE_INSTANCIA,REQ_DIST_FISICA,COD_FUNC_RADICA,COD_SEDE,COD_DEPENDENCIA,REQ_DIGITA,COD_EMP_MSJ,NRO_GUIA,FEC_VEN_GESTION,COD_ESTADO,COD_CLASE_ENVIO,COD_MODALIDAD_ENVIO)
VALUES ('837','Correspondencia 837','10','UNID-TID','ME-RECVN',NULL,'1040TP-CMCOE2017000002','TP-CMCOE','33144','EM','1','1040','10401040','0',NULL,NULL,CURRENT_DATE,'AS',NULL,NULL);

DELETE FROM COR_AGENTE;
INSERT INTO COR_AGENTE (IDE_AGENTE, IDE_DOCUMENTO, COD_TIPO_REMITE, COD_TIPO_PERS, NOMBRE, RAZON_SOCIAL, NIT, COD_CORTESIA, COD_EN_CALIDAD, COD_TIP_DOC_IDENT, NRO_DOCU_IDENTIDAD, COD_SEDE, COD_DEPENDENCIA, COD_ESTADO, FEC_ASIGNACION, COD_TIP_AGENT, IND_ORIGINAL, FEC_CREACION, ESTADO_DISTRIBUCION, IDE_FUNCI)
VALUES ('100','836','EXT','TP-PERPN','NOMBRE EXT','RS','NIT','CC','CEC','CTDI','NDI','CS','CD','AS',CURRENT_DATE,'TP-AGEE',NULL,NULL,'DIST', NULL);

INSERT INTO COR_AGENTE (IDE_AGENTE, IDE_DOCUMENTO, COD_TIPO_REMITE, COD_TIPO_PERS, NOMBRE, RAZON_SOCIAL, NIT, COD_CORTESIA, COD_EN_CALIDAD, COD_TIP_DOC_IDENT, NRO_DOCU_IDENTIDAD, COD_SEDE, COD_DEPENDENCIA, COD_ESTADO, FEC_ASIGNACION, COD_TIP_AGENT, IND_ORIGINAL, FEC_CREACION, ESTADO_DISTRIBUCION, IDE_FUNCI)
VALUES ('200','837','INT','TP-PERPN','NOMBRE INT','RS','NIT','CC','CEC','CTDI','NDI','CS','CD','AS',CURRENT_DATE,'TP-AGEI',NULL,NULL,NULL, NULL);

DELETE FROM DCT_ASIGNACION;
INSERT INTO DCT_ASIGNACION (IDE_ASIGNACION,FEC_ASIGNACION,IDE_DOCUMENTO,IDE_AGENTE,IDE_FUNCI,COD_DEPENDENCIA,COD_TIP_ASIGNACION,OBSERVACIONES,COD_TIP_CAUSAL,IDE_USUARIO_CREO,FEC_CREO,COD_TIP_PROCESO)
VALUES ('100',NULL,'836','100','1','10401040','CTA','Observaciones 100','CI','1',NULL,NULL);

INSERT INTO DCT_ASIGNACION (IDE_ASIGNACION,FEC_ASIGNACION,IDE_DOCUMENTO,IDE_AGENTE,IDE_FUNCI,COD_DEPENDENCIA,COD_TIP_ASIGNACION,OBSERVACIONES,COD_TIP_CAUSAL,IDE_USUARIO_CREO,FEC_CREO,COD_TIP_PROCESO)
VALUES ('200',NULL,'837','200','2','10401041','CTA','Observaciones 200','CI','2',NULL,NULL);

DELETE FROM DCT_ASIG_ULTIMO;
INSERT INTO DCT_ASIG_ULTIMO (IDE_ASIG_ULTIMO,IDE_DOCUMENTO,IDE_AGENTE,IDE_ASIGNACION,IDE_USUARIO_CREO,FEC_CREO,IDE_USUARIO_CAMBIO,FEC_CAMBIO,NIV_LECTURA,NIV_ESCRITURA,FECHA_VENCIMIENTO,ID_INSTANCIA,COD_TIP_PROCESO,NUM_REDIRECCIONES,NUM_DEVOLUCIONES)
VALUES ('100','836','100','100','1',NULL,'2',NULL,NULL,NULL,NULL,'49701',NULL,'0','0');

INSERT INTO DCT_ASIG_ULTIMO (IDE_ASIG_ULTIMO,IDE_DOCUMENTO,IDE_AGENTE,IDE_ASIGNACION,IDE_USUARIO_CREO,FEC_CREO,IDE_USUARIO_CAMBIO,FEC_CAMBIO,NIV_LECTURA,NIV_ESCRITURA,FECHA_VENCIMIENTO,ID_INSTANCIA,COD_TIP_PROCESO,NUM_REDIRECCIONES,NUM_DEVOLUCIONES)
VALUES ('200','837','200','200','2',NULL,'2',NULL,NULL,NULL,NULL,NULL,NULL,'2','1');

DELETE FROM PPD_DOCUMENTO;
INSERT INTO PPD_DOCUMENTO (IDE_PPD_DOCUMENTO,COD_TIPO_DOC,FEC_DOCUMENTO,ASUNTO,NRO_FOLIOS,NRO_ANEXOS,COD_EST_DOC,FEC_CREACION,IDE_ECM,COD_TIPO_SOPORTE,COD_EST_ARCHIVADO,IDE_DOCUMENTO)
VALUES ('100','TL-DOCOF',NULL,'Test de flujo','1','1',NULL,NULL,NULL,'CODIGO1',NULL,'836');

INSERT INTO PPD_DOCUMENTO (IDE_PPD_DOCUMENTO,COD_TIPO_DOC,FEC_DOCUMENTO,ASUNTO,NRO_FOLIOS,NRO_ANEXOS,COD_EST_DOC,FEC_CREACION,IDE_ECM,COD_TIPO_SOPORTE,COD_EST_ARCHIVADO,IDE_DOCUMENTO)
VALUES ('200','TL-DOCOF',NULL,'Tutela ','1','0',NULL,NULL,NULL,'CODIGO2',NULL,'837');

DELETE FROM PPD_TRAZ_DOCUMENTO;
INSERT INTO PPD_TRAZ_DOCUMENTO (IDE_TRAZ_DOCUMENTO,IDE_PPD_DOCUMENTO,FEC_TRAZ_DOCUMENTO,OBSERVACION,IDE_FUNCI,COD_ESTADO,IDE_DOCUMENTO,COD_ORGA_ADMIN)
VALUES ('100','100',NULL,'Just','2','AS','836','10120140');

INSERT INTO PPD_TRAZ_DOCUMENTO (IDE_TRAZ_DOCUMENTO,IDE_PPD_DOCUMENTO,FEC_TRAZ_DOCUMENTO,OBSERVACION,IDE_FUNCI,COD_ESTADO,IDE_DOCUMENTO,COD_ORGA_ADMIN)
VALUES ('200','200',NULL,'dsd','2','AS','837','10120140');

INSERT INTO COR_ANEXO (IDE_ANEXO,COD_ANEXO,DESCRIPCION,COD_TIPO_SOP,IDE_PPD_DOCUMENTO)
VALUES ('100','CA-TID','ME-RECVN','CODIGO1','100');

INSERT INTO COR_ANEXO (IDE_ANEXO,COD_ANEXO,DESCRIPCION,COD_TIPO_SOP,IDE_PPD_DOCUMENTO)
VALUES ('200','CA-TID',NULL ,'CODIGO2','200');

INSERT INTO TVS_TAREA (IDE_TAREA, ID_INSTANCIA_PROCESO, ID_TAREA_PROCESO, PAYLOAD)
VALUES (60, '99059', '0000', 'ACED0005737200176A6176612E7574696C2E4C696E6B6564486173684D617034C04E5C106CC0FB0200015A000B6163636573734F72646572787200116A6176612E7574696C2E486173684D61700507DAC1C31660D103000246000A6C6F6164466163746F724900097468726573686F6C6478703F4000000000000C7708000000100000000374000E6461746F7347656E6572616C65737371007E00003F4000000000000C770800000010000000047400107469706F436F6D756E69636163696F6E7074000D7469706F506C616E74696C6C61707400176C6973746156657273696F6E6573446F63756D656E746F737200136A6176612E7574696C2E41727261794C6973747881D21D99C7619D03000149000473697A657870000000017704000000017371007E00003F4000000000000C77080000001000000007740002696474002433623766333638612D363862312D343664312D623762372D6635653266353463373337327400066E6F6D62726574003743726561746520796F7572206669727374202E4E455420436F72652070726F6A65637420696E204C696E75785F5562756E74752E7064667400047469706F74000370646674000776657273696F6E740003312E30740009636F6E74656E69646F74000074000466696C657371007E00003F4000000000000277080000000200000000780074000473697A65737200116A6176612E6C616E672E496E746567657212E2A0A4F781873802000149000576616C7565787200106A6176612E6C616E672E4E756D62657286AC951D0B94E08B02000078700001423278007874000B6C69737461416E65786F737371007E00080000000077040000000078780074000D6461746F73436F6E746163746F7371007E00003F4000000000000C7708000000100000000674000C646973747269627563696F6E74000C656CC3A96374726F6E696361740012726573706F6E64657252656D6974656E74657074001868617344657374696E61746172696F5072696E636970616C737200116A6176612E6C616E672E426F6F6C65616ECD207280D59CFAEE0200015A000576616C756578700174001C69737365744C69737444657374696E61746172696F4261636B656E6471007E002474001A6C6973746144657374696E61746172696F73496E7465726E6F737371007E0008000000007704000000007874001A6C6973746144657374696E61746172696F7345787465726E6F737371007E0008000000017704000000017371007E00003F400000000000187708000000200000000E74000B7469706F506572736F6E617371007E00003F4000000000000C77080000001000000004740006636F6469676F74000854502D504552504E71007E000D74000F506572736F6E61204E61747572616C740008636F64506164726574000654502D50455271007E000B7371007E00180000002178007400036E697471007E001474000C616374756143616C696461647074000D7469706F446F63756D656E746F7371007E00003F4000000000000C7708000000100000000471007E002D74000854502D444F43434371007E000D740015436564756C6120646520636975646164616EC3AD6171007E003074000654502D444F4371007E000B7371007E001800000064780071007E000D7400045469746F7400156E726F446F63756D656E746F4964656E7469646164740003383936740004736564657074000B646570656E64656E6369617074000B66756E63696F6E6172696F707400107469706F44657374696E61746172696F7371007E00003F4000000000000C7708000000100000000471007E002D74000754502D4445535071007E000D7400095072696E636970616C71007E003074000654502D44455371007E000B7371007E00180000005D78007400097072696E636970616C7074000869734261636B656E71007E0024740007696E7465726E6F7371007E0023007400116461746F73436F6E746163746F4C6973747371007E00080000000077040000000078780078780074001367657374696F6E617250726F64756363696F6E7371007E00003F4000000000000C7708000000100000000474000A7374617274496E6465787371007E0018000000017400106C6973746150726F796563746F7265737371007E0008000000017704000000017371007E00003F4000000000000C7708000000100000000471007E00407371007E00003F400000000000187708000000200000000D74000E636F64546970446F634964656E74740004435444497400116E726F4964656E74696669636163696F6E74000B383330333136333031303674000C76616C4170656C6C69646F317400044172636574000C76616C4170656C6C69646F327074000F636F7272456C656374726F6E69636F740010616C6265723640676D61696C2E636F6D7400096C6F67696E4E616D657400046172636574000665737461646F7400014174000C646570656E64656E636961737371007E0008000000027704000000027371007E00003F4000000000000C77080000001000000007740007696465536564657371007E001800000002740007636F6453656465740004313034307400076E6F6D53656465740038313034305F56494345505245534944454E4349412044452042454E45464943494F532045434F4E4F4D49434F5320504552494F4449434F5371007E00607400013171007E000B7371007E00180000000371007E002D740008313034303130343071007E000D74003D313034302E313034305F56494345505245534944454E4349412044452042454E45464943494F532045434F4E4F4D49434F5320504552494F4449434F5378007371007E00003F4000000000000C7708000000100000000771007E00657371007E00180000002871007E00677400043130303071007E0069740023313030305F56494345505245534944454E4349412041444D494E49535452415449564171007E00607400013171007E000B7371007E00180000002C71007E002D740008313030303130343071007E000D740031313030302E313034305F474552454E434941204E4143494F4E414C2044452047455354494F4E20444F43554D454E54414C780078740005726F6C65737371007E00080000000E77040000000E7371007E00003F4000000000000177080000000200000001740003726F6C74000862706D61646D696E78007371007E00003F400000000000017708000000020000000171007E007A74000C62706D726164696361646F7278007371007E00003F400000000000017708000000020000000171007E007A7400085265636570746F7278007371007E00003F400000000000017708000000020000000171007E007A740005677565737478007371007E00003F400000000000017708000000020000000171007E007A740013476573746F725F4465766F6C7563696F6E657378007371007E00003F400000000000017708000000020000000171007E007A740018417578696C6961725F436F72726573706F6E64656E63696178007371007E00003F400000000000017708000000020000000171007E007A74000950726F796563746F7278007371007E00003F400000000000017708000000020000000171007E007A74000752657669736F7278007371007E00003F400000000000017708000000020000000171007E007A7400094170726F6261646F7278007371007E00003F400000000000017708000000020000000171007E007A740018526573706F6E7361626C655F4D6573615F436F6E74726F6C78007371007E00003F400000000000017708000000020000000171007E007A740010416E616C697374615F4372656469746F78007371007E00003F400000000000017708000000020000000171007E007A74000B536F6C69636974616E746578007371007E00003F400000000000017708000000020000000171007E007A74000941637469766973746178007371007E00003F400000000000017708000000020000000171007E007A74000A4172636869766973746178007874000870617373776F72647074000B7573756172696F437265617071007E000B71007E006671007E000D740007416C626572746F780071007E003F7371007E00003F4000000000000C7708000000100000000771007E006571007E007071007E00677400043130303071007E0069740023313030305F56494345505245534944454E4349412041444D494E49535452415449564171007E00607400013171007E000B71007E007471007E002D740008313030303130343071007E000D740031313030302E313034305F474552454E434941204E4143494F4E414C2044452047455354494F4E20444F43554D454E54414C780071007E003E7371007E00003F4000000000000C7708000000100000000471007E002D7400043130303071007E0030740008313030303130343071007E000B71007E007071007E000D740023313030305F56494345505245534944454E4349412041444D494E495354524154495641780071007E007A7371007E00003F4000000000000C7708000000100000000371007E000B71007E006671007E007A74000970726F796563746F7271007E000D74000950726F796563746F72780078007874001163616E744F62736572766163696F6E65737371007E0018000000007400126C697374614F62736572766163696F6E65737371007E0008000000007704000000007878007800');
INSERT INTO TVS_TAREA (IDE_TAREA, ID_INSTANCIA_PROCESO, ID_TAREA_PROCESO, PAYLOAD)
VALUES (62, '97683', '0000', 'ACED0005737200176A6176612E7574696C2E4C696E6B6564486173684D617034C04E5C106CC0FB0200015A000B6163636573734F72646572787200116A6176612E7574696C2E486173684D61700507DAC1C31660D103000246000A6C6F6164466163746F724900097468726573686F6C6478703F4000000000000C7708000000100000000374000E6461746F7347656E6572616C65737371007E00003F4000000000000C770800000010000000047400107469706F436F6D756E69636163696F6E7074000D7469706F506C616E74696C6C61707400176C6973746156657273696F6E6573446F63756D656E746F737200136A6176612E7574696C2E41727261794C6973747881D21D99C7619D03000149000473697A657870000000017704000000017371007E00003F4000000000000C77080000001000000007740002696474002431303461326161322D646238362D343935652D383461302D3736353137346664663834317400066E6F6D62726574002E4153502E4E455420436F726520E28094204175746F66616320342E3020646F63756D656E746174696F6E2E7064667400047469706F74000370646674000776657273696F6E740003312E30740009636F6E74656E69646F74000074000466696C657371007E00003F4000000000000277080000000200000000780074000473697A65737200116A6176612E6C616E672E496E746567657212E2A0A4F781873802000149000576616C7565787200106A6176612E6C616E672E4E756D62657286AC951D0B94E08B0200007870000356FB78007874000B6C69737461416E65786F737371007E00080000000077040000000078780074000D6461746F73436F6E746163746F7371007E00003F4000000000000C7708000000100000000674000C646973747269627563696F6E74000C656CC3A96374726F6E696361740012726573706F6E64657252656D6974656E7465737200116A6176612E6C616E672E426F6F6C65616ECD207280D59CFAEE0200015A000576616C756578700074001868617344657374696E61746172696F5072696E636970616C7371007E00220174001C69737365744C69737444657374696E61746172696F4261636B656E6471007E002374001A6C6973746144657374696E61746172696F73496E7465726E6F737371007E0008000000007704000000007874001A6C6973746144657374696E61746172696F7345787465726E6F737371007E0008000000017704000000017371007E00003F400000000000187708000000200000000F74000B7469706F506572736F6E617371007E00003F4000000000000C77080000001000000004740006636F6469676F74000854502D504552504E71007E000D74000F506572736F6E61204E61747572616C740008636F64506164726574000654502D50455271007E000B7371007E00180000002178007400036E69747074000C616374756143616C696461647074000D7469706F446F63756D656E746F7371007E00003F4000000000000C7708000000100000000471007E002E74000854502D444F43434371007E000D740015436564756C6120646520636975646164616EC3AD6171007E003174000654502D444F4371007E000B7371007E001800000064780074000B72617A6F6E536F6369616C7071007E000D740004506570657400156E726F446F63756D656E746F4964656E7469646164740003393939740004736564657074000B646570656E64656E6369617074000B66756E63696F6E6172696F707400107469706F44657374696E61746172696F7371007E00003F4000000000000C7708000000100000000471007E002E74000754502D4445535071007E000D7400095072696E636970616C71007E003174000654502D44455371007E000B7371007E00180000005D78007400097072696E636970616C7074000869734261636B656E71007E0023740007696E7465726E6F71007E00237400116461746F73436F6E746163746F4C6973747371007E00080000000077040000000078780078780074001367657374696F6E617250726F64756363696F6E7371007E00003F4000000000000C7708000000100000000474000A7374617274496E6465787371007E0018000000017400106C6973746150726F796563746F7265737371007E0008000000017704000000017371007E00003F4000000000000C7708000000100000000471007E00427371007E00003F400000000000187708000000200000000D74000E636F64546970446F634964656E74740004435444497400116E726F4964656E74696669636163696F6E74000B383330333136333031303674000C76616C4170656C6C69646F317400044172636574000C76616C4170656C6C69646F327074000F636F7272456C656374726F6E69636F740010616C6265723640676D61696C2E636F6D7400096C6F67696E4E616D657400046172636574000665737461646F7400014174000C646570656E64656E636961737371007E0008000000027704000000027371007E00003F4000000000000C77080000001000000007740007696465536564657371007E001800000002740007636F6453656465740004313034307400076E6F6D53656465740038313034305F56494345505245534944454E4349412044452042454E45464943494F532045434F4E4F4D49434F5320504552494F4449434F5371007E00617400013171007E000B7371007E00180000000371007E002E740008313034303130343071007E000D74003D313034302E313034305F56494345505245534944454E4349412044452042454E45464943494F532045434F4E4F4D49434F5320504552494F4449434F5378007371007E00003F4000000000000C7708000000100000000771007E00667371007E00180000002871007E00687400043130303071007E006A740023313030305F56494345505245534944454E4349412041444D494E49535452415449564171007E00617400013171007E000B7371007E00180000002C71007E002E740008313030303130343071007E000D740031313030302E313034305F474552454E434941204E4143494F4E414C2044452047455354494F4E20444F43554D454E54414C780078740005726F6C65737371007E00080000000E77040000000E7371007E00003F4000000000000177080000000200000001740003726F6C74000862706D61646D696E78007371007E00003F400000000000017708000000020000000171007E007B74000C62706D726164696361646F7278007371007E00003F400000000000017708000000020000000171007E007B7400085265636570746F7278007371007E00003F400000000000017708000000020000000171007E007B740005677565737478007371007E00003F400000000000017708000000020000000171007E007B740013476573746F725F4465766F6C7563696F6E657378007371007E00003F400000000000017708000000020000000171007E007B740018417578696C6961725F436F72726573706F6E64656E63696178007371007E00003F400000000000017708000000020000000171007E007B74000950726F796563746F7278007371007E00003F400000000000017708000000020000000171007E007B74000752657669736F7278007371007E00003F400000000000017708000000020000000171007E007B7400094170726F6261646F7278007371007E00003F400000000000017708000000020000000171007E007B740018526573706F6E7361626C655F4D6573615F436F6E74726F6C78007371007E00003F400000000000017708000000020000000171007E007B740010416E616C697374615F4372656469746F78007371007E00003F400000000000017708000000020000000171007E007B74000B536F6C69636974616E746578007371007E00003F400000000000017708000000020000000171007E007B74000941637469766973746178007371007E00003F400000000000017708000000020000000171007E007B74000A4172636869766973746178007874000870617373776F72647074000B7573756172696F437265617071007E000B71007E006771007E000D740007416C626572746F780071007E00417371007E00003F4000000000000C7708000000100000000771007E006671007E006771007E00687400043130343071007E006A740038313034305F56494345505245534944454E4349412044452042454E45464943494F532045434F4E4F4D49434F5320504552494F4449434F5371007E00617400013171007E000B71007E006D71007E002E740008313034303130343071007E000D74003D313034302E313034305F56494345505245534944454E4349412044452042454E45464943494F532045434F4E4F4D49434F5320504552494F4449434F53780071007E00407371007E00003F4000000000000C7708000000100000000471007E002E7400043130343071007E0031740008313034303130343071007E000B71007E006771007E000D740038313034305F56494345505245534944454E4349412044452042454E45464943494F532045434F4E4F4D49434F5320504552494F4449434F53780071007E007B7371007E00003F4000000000000C7708000000100000000371007E000B71007E006771007E007B74000970726F796563746F7271007E000D74000950726F796563746F72780078007874001163616E744F62736572766163696F6E65737371007E0018000000007400126C697374614F62736572766163696F6E65737371007E0008000000007704000000007878007800');
INSERT INTO TVS_TAREA (IDE_TAREA, ID_INSTANCIA_PROCESO, ID_TAREA_PROCESO, PAYLOAD)
VALUES (87, '104948', '0000', 'ACED0005737200176A6176612E7574696C2E4C696E6B6564486173684D617034C04E5C106CC0FB0200015A000B6163636573734F72646572787200116A6176612E7574696C2E486173684D61700507DAC1C31660D103000246000A6C6F6164466163746F724900097468726573686F6C6478703F4000000000000C7708000000100000000374000E6461746F7347656E6572616C65737371007E00003F4000000000000C770800000010000000047400107469706F436F6D756E69636163696F6E7371007E00003F4000000000000C77080000001000000004740006636F6469676F74000253457400066E6F6D627265740025436F6D756E6963616369C3B36E204F66696369616C2045787465726E6120456E7669616461740008636F64506164726574000754502D434D43457400026964737200116A6176612E6C616E672E496E746567657212E2A0A4F781873802000149000576616C7565787200106A6176612E6C616E672E4E756D62657286AC951D0B94E08B0200007870000000AE780074000D7469706F506C616E74696C6C61707400176C6973746156657273696F6E6573446F63756D656E746F737200136A6176612E7574696C2E41727261794C6973747881D21D99C7619D03000149000473697A657870000000017704000000017371007E00003F4000000000000C7708000000100000000771007E000D74002464303632623735632D623436392D346161662D386565302D34653334656166386438326671007E000974000C4D656D6F72616E646F5F31717400047469706F74000468746D6C74000776657273696F6E740003312E30740009636F6E74656E69646F740A613C703E4369756461642079206665636861203C7374726F6E673E28417269616C204E6172726F77203132293C2F7374726F6E673E3C2F703E3C703E266E6273703B266E6273703B3C2F703E3C7020636C6173733D22716C2D616C69676E2D63656E746572223E3C7374726F6E673E4D454D4F52414E444F3C2F7374726F6E673E3C2F703E3C703E3C7374726F6E673E504152413A266E6273703B266E6273703B266E6273703B266E6273703B266E6273703B266E6273703B266E6273703B266E6273703B3C2F7374726F6E673E3C2F703E3C703E3C7374726F6E673E28477275706F2064657374696E61746172696F732C206E6F6D627265206D6179C3BA7363756C6120736F7374656E6964612C20417269616C204E6172726F77203132293C2F7374726F6E673E3C2F703E3C703E3C7374726F6E673E284E6F6D6272652064656C20636172676F20656E206D6179C3BA7363756C6120736F7374656E6964612C20417269616C204E6172726F77203132293C2F7374726F6E673E3C2F703E3C703E3C7374726F6E673E44453A266E6273703B266E6273703B266E6273703B266E6273703B266E6273703B266E6273703B266E6273703B266E6273703B266E6273703B266E6273703B266E6273703B266E6273703B266E6273703B3C2F7374726F6E673E3C2F703E3C703E266E6273703B3C2F703E3C703E3C7374726F6E673E284E6F6D6272652064656C20636172676F20656E206D6179C3BA7363756C6120736F7374656E6964612C20417269616C204E6172726F77203132293C2F7374726F6E673E3C2F703E3C703E3C7374726F6E673E266E6273703B3C2F7374726F6E673E3C2F703E3C703E3C7374726F6E673E4153554E544F3A3C2F7374726F6E673E3C2F703E3C703E266E6273703B3C2F703E3C703E3C7374726F6E673E284D6179C3BA7363756C6120696E696369616C266E6273703B656E206E656772696C6C6120417269616C203132293C2F7374726F6E673E3C2F703E3C703E3C7374726F6E673E266E6273703B266E6273703B266E6273703B266E6273703B266E6273703B266E6273703B266E6273703B266E6273703B266E6273703B266E6273703B266E6273703B3C2F7374726F6E673E3C2F703E3C703E203C7374726F6E673E266E6273703B3C2F7374726F6E673E3C2F703E3C7020636C6173733D22716C2D616C69676E2D63656E746572223E3D3D3D3D3D3D3D3D3D3D3D3D3D3D3D3D3D3D3D3D3D3D3D3D3D3D3D3D3D3D3D3D3D3D3D3D3D3D3D3D3D3C2F703E3C7020636C6173733D22716C2D616C69676E2D63656E746572223E3C7374726F6E673E28456C20746578746F20766120636F6E204D6179C3BA7363756C6120696E696369616C20417269616C204E6172726F77203132293C2F7374726F6E673E3C2F703E3C7020636C6173733D22716C2D616C69676E2D63656E746572223E3D3D3D3D3D3D3D3D3D3D3D3D3D3D3D3D3D3D3D3D3D3D3D3D3D3D3D3D3D3D3D3D3D3D3D3D3D3D3D3D3D3C2F703E3C703E266E6273703B3C2F703E3C703E4465737065646964613C7374726F6E673E20284174656E74616D656E74652C20436F726469616C6D656E74652C206574632E20417269616C204E6172726F77203132293C2F7374726F6E673E3C2F703E3C703E266E6273703B3C2F703E3C703E266E6273703B3C2F703E3C703E3C7374726F6E673E4669726D613C2F7374726F6E673E3C2F703E3C703E3C7374726F6E673E284E6F6D6272652064656C2072656D6974656E74652C20656E206D6179C3BA7363756C6120736F7374656E6964612079206E656772696C6C6120417269616C204E6172726F77203132293C2F7374726F6E673E3C2F703E3C703E3C7374726F6E673E266E6273703B3C2F7374726F6E673E3C2F703E3C703E416E65786F2873293A203C7374726F6E673E286573706563696669636172206EC3BA6D65726F20646520666F6C696F73206F207469706F20646520616E65786F2C20656E206C65747261206520696E636C75697220656E74726520706172C3A96E746573697320656E206EC3BA6D65726F206172C3A16269676F3B266E6273703B417269616C206E6172726F7720283130293C2F7374726F6E673E3C2F703E3C703E266E6273703B3C2F703E3C703E436F7069613A203C7374726F6E673E287365206573637269626520656C266E6273703B74726174616D69656E746F2C206E6F6D627265206465206C6120706572736F6E61207365677569646120646520756E6120636F6D612079266E6273703B656C20636172676F2C207369206573206E656365736172696F2061206F74726120656D70726573612064656265206573637269626972736520656C206E6F6D627265206465206C61206D69736D61293B20417269616C206E6172726F7720283130293C2F7374726F6E673E3C2F703E3C703E3C7374726F6E673E266E6273703B3C2F7374726F6E673E3C2F703E3C703E266E6273703B3C2F703E3C703E5472616E7363726970746F723A203C7374726F6E673E28736920656C207472616E7363726970746F72206573206D756A6572207365206465626520657363726962697220656C206E6F6D6272652079206C6120696E696369616C2064656C206170656C6C69646F2C266E6273703B736920657320686F6D6272652064656265206573637269626972206C6120696E696369616C2064656C206E6F6D627265207920656C206170656C6C69646F20636F6D706C65746F2C20417269616C206E6172726F77266E6273703B38293C2F7374726F6E673E3C2F703E3C703E266E6273703B3C2F703E3C703E456C61626F72C3B33A3C7374726F6E673E2028736920717569656E20656C61626F7261206573206D756A6572207365206465626520657363726962697220656C206E6F6D6272652065206C6120696E696369616C2064656C206170656C6C69646F2C266E6273703B736920657320686F6D6272652064656265206573637269626972206C6120696E696369616C2064656C206E6F6D627265207920656C206170656C6C69646F20636F6D706C65746F2C20417269616C206E6172726F772038293C2F7374726F6E673E3C2F703E3C703E5265766973C3B32F4170726F62C3B33C7374726F6E673E3A2028736920717569656E2061707275656261206573206D756A6572207365206465626520657363726962697220656C206E6F6D6272652065206C6120696E696369616C2064656C206170656C6C69646F2C266E6273703B736920657320686F6D6272652064656265206573637269626972206C6120696E696369616C2064656C206E6F6D627265207920656C206170656C6C69646F20636F6D706C65746F2C2041726961206E6172726F776C2038293C2F7374726F6E673E3C2F703E3C703E3C7374726F6E673E266E6273703B3C2F7374726F6E673E3C2F703E3C703E3C7374726F6E673E4E6F2E20646520526164696361646F2E205858585858585858583C2F7374726F6E673E3C2F703E3C703E266E6273703B3C2F703E3C703E5275746120656C65637472C3B36E6963613A20283C7374726F6E673E736520696E7365727461206175746F6DC3A1746963616D656E746520706F72206C61206F706369C3B36E20696E736572746172293C2F7374726F6E673E3C2F703E3C703E266E6273703B3C2F703E74000466696C657371007E00003F4000000000000277080000000200000000780074000473697A657371007E000E00000A6178007874000B6C69737461416E65786F737371007E00130000000077040000000078780074000D6461746F73436F6E746163746F7371007E00003F4000000000000C7708000000100000000674000C646973747269627563696F6E74000C656CC3A96374726F6E696361740012726573706F6E64657252656D6974656E7465737200116A6176612E6C616E672E426F6F6C65616ECD207280D59CFAEE0200015A000576616C756578700074001868617344657374696E61746172696F5072696E636970616C7371007E00290174001C69737365744C69737444657374696E61746172696F4261636B656E6471007E002A74001A6C6973746144657374696E61746172696F73496E7465726E6F737371007E0013000000017704000000017371007E00003F400000000000187708000000200000000E74000B7469706F506572736F6E61707400036E69747074000C616374756143616C696461647074000D7469706F446F63756D656E746F7074000B72617A6F6E536F6369616C7071007E0009707400156E726F446F63756D656E746F4964656E746964616470740004736564657371007E00003F4000000000000C7708000000100000000A74001069644F72676141646D696E5061647265740001317400087265665061647265707400086E6F6D506164726574000A3030305F534F41494E5474000665737461646F740001317400056E6976656C74000131740007646573634F7267740038313034305F56494345505245534944454E4349412044452042454E45464943494F532045434F4E4F4D49434F5320504552494F4449434F5374000A6E6976656C50616472657400013071007E000D7371007E000E0000000271007E00077400043130343071007E0009740038313034305F56494345505245534944454E4349412044452042454E45464943494F532045434F4E4F4D49434F5320504552494F4449434F53780074000B646570656E64656E6369617371007E00003F4000000000000C7708000000100000000A71007E00397400013271007E003B7071007E003C740038313034305F56494345505245534944454E4349412044452042454E45464943494F532045434F4E4F4D49434F5320504552494F4449434F5371007E003E7400013171007E00407400013271007E004274003D313034302E313034305F56494345505245534944454E4349412044452042454E45464943494F532045434F4E4F4D49434F5320504552494F4449434F5371007E00447400013171007E000D7371007E000E0000000371007E0007740008313034303130343071007E000974003D313034302E313034305F56494345505245534944454E4349412044452042454E45464943494F532045434F4E4F4D49434F5320504552494F4449434F53780074000B66756E63696F6E6172696F7371007E00003F400000000000187708000000200000000D74000E636F64546970446F634964656E74740004435444497400116E726F4964656E74696669636163696F6E74000B383330333136333031303674000C76616C4170656C6C69646F317400044172636574000C76616C4170656C6C69646F327074000F636F7272456C656374726F6E69636F740010616C6265723640676D61696C2E636F6D7400096C6F67696E4E616D657400046172636571007E003E7400014174000C646570656E64656E636961737371007E0013000000027704000000027371007E00003F4000000000000C770800000010000000077400076964655365646571007E0046740007636F6453656465740004313034307400076E6F6D53656465740038313034305F56494345505245534944454E4349412044452042454E45464943494F532045434F4E4F4D49434F5320504552494F4449434F5371007E003E7400013171007E000D71007E005171007E0007740008313034303130343071007E000974003D313034302E313034305F56494345505245534944454E4349412044452042454E45464943494F532045434F4E4F4D49434F5320504552494F4449434F5378007371007E00003F4000000000000C7708000000100000000771007E00657371007E000E0000002871007E00667400043130303071007E0068740023313030305F56494345505245534944454E4349412041444D494E49535452415449564171007E003E7400013171007E000D7371007E000E0000002C71007E0007740008313030303130343071007E0009740031313030302E313034305F474552454E434941204E4143494F4E414C2044452047455354494F4E20444F43554D454E54414C780078740005726F6C65737074000870617373776F72647074000B7573756172696F437265617071007E000D71007E004671007E0009740007416C626572746F78007400107469706F44657374696E61746172696F7371007E00003F4000000000000C7708000000100000000471007E000774000754502D4445535071007E00097400095072696E636970616C71007E000B74000654502D44455371007E000D7371007E000E0000005D78007400097072696E636970616C7074000869734261636B656E71007E002A740007696E7465726E6F71007E002C78007874001A6C6973746144657374696E61746172696F7345787465726E6F737371007E00130000000077040000000078780074001367657374696F6E617250726F64756363696F6E7371007E00003F4000000000000C7708000000100000000474000A7374617274496E6465787371007E000E000000017400106C6973746150726F796563746F7265737371007E0013000000017704000000017371007E00003F4000000000000C7708000000100000000471007E00547371007E00003F400000000000187708000000200000000D71007E00567400044354444971007E005874000B383330333136333031303671007E005A7400044172636571007E005C7071007E005D740010616C6265723640676D61696C2E636F6D71007E005F7400046172636571007E003E7400014171007E00627371007E0013000000027704000000027371007E00003F4000000000000C7708000000100000000771007E006571007E004671007E00667400043130343071007E0068740038313034305F56494345505245534944454E4349412044452042454E45464943494F532045434F4E4F4D49434F5320504552494F4449434F5371007E003E7400013171007E000D71007E005171007E0007740008313034303130343071007E000974003D313034302E313034305F56494345505245534944454E4349412044452042454E45464943494F532045434F4E4F4D49434F5320504552494F4449434F5378007371007E00003F4000000000000C7708000000100000000771007E006571007E006E71007E00667400043130303071007E0068740023313030305F56494345505245534944454E4349412041444D494E49535452415449564171007E003E7400013171007E000D71007E007271007E0007740008313030303130343071007E0009740031313030302E313034305F474552454E434941204E4143494F4E414C2044452047455354494F4E20444F43554D454E54414C78007871007E00757371007E00130000000E77040000000E7371007E00003F4000000000000177080000000200000001740003726F6C74000862706D61646D696E78007371007E00003F400000000000017708000000020000000171007E00A174000C62706D726164696361646F7278007371007E00003F400000000000017708000000020000000171007E00A17400085265636570746F7278007371007E00003F400000000000017708000000020000000171007E00A1740005677565737478007371007E00003F400000000000017708000000020000000171007E00A1740013476573746F725F4465766F6C7563696F6E657378007371007E00003F400000000000017708000000020000000171007E00A1740018417578696C6961725F436F72726573706F6E64656E63696178007371007E00003F400000000000017708000000020000000171007E00A174000950726F796563746F7278007371007E00003F400000000000017708000000020000000171007E00A174000752657669736F7278007371007E00003F400000000000017708000000020000000171007E00A17400094170726F6261646F7278007371007E00003F400000000000017708000000020000000171007E00A1740018526573706F6E7361626C655F4D6573615F436F6E74726F6C78007371007E00003F400000000000017708000000020000000171007E00A1740010416E616C697374615F4372656469746F78007371007E00003F400000000000017708000000020000000171007E00A174000B536F6C69636974616E746578007371007E00003F400000000000017708000000020000000171007E00A174000941637469766973746178007371007E00003F400000000000017708000000020000000171007E00A174000A4172636869766973746178007871007E00767071007E00777071007E000D71007E004671007E0009740007416C626572746F780071007E00497371007E00003F4000000000000C7708000000100000000771007E006571007E004671007E00667400043130343071007E0068740038313034305F56494345505245534944454E4349412044452042454E45464943494F532045434F4E4F4D49434F5320504552494F4449434F5371007E003E7400013171007E000D71007E005171007E0007740008313034303130343071007E000974003D313034302E313034305F56494345505245534944454E4349412044452042454E45464943494F532045434F4E4F4D49434F5320504552494F4449434F53780071007E00377371007E00003F4000000000000C7708000000100000000471007E00077400043130343071007E000B740008313034303130343071007E000D71007E004671007E0009740038313034305F56494345505245534944454E4349412044452042454E45464943494F532045434F4E4F4D49434F5320504552494F4449434F53780071007E00A17371007E00003F4000000000000C7708000000100000000371007E000D71007E004671007E00A174000970726F796563746F7271007E000974000950726F796563746F72780078007874001163616E744F62736572766163696F6E65737371007E000E000000007400126C697374614F62736572766163696F6E65737371007E0013000000007704000000007878007800');
INSERT INTO TVS_PLANTILLA_METADATO (IDE_PLANTILLA_METADATO, COD_METADATO, NOMB_METADATO, IDE_PLANTILLA)
VALUES (1 , 'NR', 'Nombre', 1);

INSERT INTO TVS_PLANTILLA (IDE_PLANTILLA, REFERENCIA, COD_TIPO_DOC, COD_TIPO_UBICACION, UBICACION, ESTADO)
VALUES (1, 'test.doc', 'CODIGO1', 'FISICA', null, 'A');

INSERT INTO TVS_DSERIAL (IDE_SERIAL, COD_SEDE, COD_GRUPO, COD_DEPENDENCIA, COD_CMC, VAL_ANO, COD_FUNC_RADICA, FEC_CREA, IND_TIPO_SERIAL, VAL_CONSECUTIVO_RAD, VAL_CONSECUTIVO_PL, COD_TIP_CONSECUTIVO, VAL_SERIAL_RAD, VAL_SERIAL_PL) VALUES (550, '1000', null, '10001040', 'EE', '2018', '2', null, null, '000019', null, null, null, null);
INSERT INTO TVS_DSERIAL (IDE_SERIAL, COD_SEDE, COD_GRUPO, COD_DEPENDENCIA, COD_CMC, VAL_ANO, COD_FUNC_RADICA, FEC_CREA, IND_TIPO_SERIAL, VAL_CONSECUTIVO_RAD, VAL_CONSECUTIVO_PL, COD_TIP_CONSECUTIVO, VAL_SERIAL_RAD, VAL_SERIAL_PL) VALUES (538, '1000', null, '10001040', 'EE', '2018', '2', null, null, '000007', null, null, null, null);
INSERT INTO TVS_DSERIAL (IDE_SERIAL, COD_SEDE, COD_GRUPO, COD_DEPENDENCIA, COD_CMC, VAL_ANO, COD_FUNC_RADICA, FEC_CREA, IND_TIPO_SERIAL, VAL_CONSECUTIVO_RAD, VAL_CONSECUTIVO_PL, COD_TIP_CONSECUTIVO, VAL_SERIAL_RAD, VAL_SERIAL_PL) VALUES (543, '1000', null, '10001040', 'EE', '2018', '2', null, null, '000012', null, null, null, null);
INSERT INTO TVS_DSERIAL (IDE_SERIAL, COD_SEDE, COD_GRUPO, COD_DEPENDENCIA, COD_CMC, VAL_ANO, COD_FUNC_RADICA, FEC_CREA, IND_TIPO_SERIAL, VAL_CONSECUTIVO_RAD, VAL_CONSECUTIVO_PL, COD_TIP_CONSECUTIVO, VAL_SERIAL_RAD, VAL_SERIAL_PL) VALUES (549, '1000', null, '10001040', 'EE', '2018', '2', null, null, '000018', null, null, null, null);

INSERT INTO TVS_DATOS_CONTACTO (IDE_CONTACTO, IDE_AGENTE, NRO_VIA_GENERADORA, NRO_PLACA, COD_TIPO_VIA, COD_PREFIJO_CUADRANT, COD_POSTAL, DIRECCION, CELULAR, TEL_FIJO, EXTENSION, CORR_ELECTRONICO, COD_PAIS, COD_DEPARTAMENTO, COD_MUNICIPIO, PROV_ESTADO, PRINCIPAL, CIUDAD) VALUES (337, 100, 'w', '344555', 'TP-VIACL', 'PE-CUAA', null, 'Carrera w A BIS Norte w BB 344555 Norte Edificio  44', '9999999999', '4524999', null, 'l@i', 'CO', '11', '11001', null, 'P', null);

INSERT INTO TVS_DATOS_CONTACTO (IDE_CONTACTO, IDE_AGENTE, NRO_VIA_GENERADORA, NRO_PLACA, COD_TIPO_VIA, COD_PREFIJO_CUADRANT, COD_POSTAL, DIRECCION, CELULAR, TEL_FIJO, EXTENSION, CORR_ELECTRONICO, COD_PAIS, COD_DEPARTAMENTO, COD_MUNICIPIO, PROV_ESTADO, PRINCIPAL, CIUDAD) VALUES (341, 100, 'rew3greg', 'ergreg', 'TP-VIACR', 'PE-CUAB', null, 'Calle rew3greg B BIS Sur reger BB ergreg Norte Torre er3greer', '5654665465', '146546466556', null, 'p@grreg', 'CO', '05', '5030', null, 'P', null);

INSERT INTO COR_REFERIDO (IDE_REFERIDO, IDE_DOCUMENTO, NRO_RAD_REF) VALUES (253, 836, 'qqqqq');
INSERT INTO COR_REFERIDO (IDE_REFERIDO, IDE_DOCUMENTO, NRO_RAD_REF) VALUES (257, 837, '785412');

INSERT INTO COR_PLAN_AGEN (IDE_PLAN_AGEN, IDE_PLANILLA, IDE_AGENTE, IDE_DOCUMENTO, ESTADO, VAR_PESO, VAR_VALOR, VAR_NUMERO_GUIA, FEC_OBSERVACION, COD_NUEVA_SEDE, COD_NUEVA_DEPEN, OBSERVACIONES, COD_CAU_DEVO, FEC_CARGUE_PLA) VALUES (100, 100, 100, 836, 'ACTIVO', 'peso', 'valor', null, null, null, null, null, null, null);

INSERT INTO TVS_SOLICITUD_UD (ID, ID_UM, ID_CONSTANTE, FEC_HORA, NOMBRE_UNIDAD_DOCUMENTAL, DESCRIPTOR1, DESCRIPTOR2, NRO, CODIGO_SERIE, CODIGO_SUBSERIE, CODIGO_SEDE, CODIGO_DEPENDENCIA, ID_SOLICITANTE, ESTADO, ACCION, OBSERVACIONES) VALUES (50, '4949449', null, '2018-06-04 16:31:43.796000', 'Unidad 50', 'Descriptor 1', 'Descriptor2', 'e4c22850-8d12-4f92-9421-ee87490b2345', '30000', '564', '1040', '10401040', '4', null, null, 'Observaciones');

INSERT INTO TVS_SOLICITUD_UD (ID, ID_UM, ID_CONSTANTE, FEC_HORA, NOMBRE_UNIDAD_DOCUMENTAL, DESCRIPTOR1, DESCRIPTOR2, NRO, CODIGO_SERIE, CODIGO_SUBSERIE, CODIGO_SEDE, CODIGO_DEPENDENCIA, ID_SOLICITANTE, ESTADO, ACCION, OBSERVACIONES) VALUES (51, '4949450', null, '2018-06-05 16:31:43.796000', 'Unidad 51', 'Descriptor 2', 'Descriptor2', 'e4c22850-8d12-4f92-9421-ee87490b2345', '30000', '564', '1000', '10001040', '2', null, null, 'Observaciones');

INSERT INTO TVS_SOLICITUD_UD (ID, ID_UM, ID_CONSTANTE, FEC_HORA, NOMBRE_UNIDAD_DOCUMENTAL, DESCRIPTOR1, DESCRIPTOR2, NRO, CODIGO_SERIE, CODIGO_SUBSERIE, CODIGO_SEDE, CODIGO_DEPENDENCIA, ID_SOLICITANTE, ESTADO, ACCION, OBSERVACIONES) VALUES (52, '4949450', null, '2018-06-06 16:31:43.796000', 'Unidad 52', 'Descriptor 3', 'Descriptor2', 'e4c22850-8d12-4f92-9421-ee87490b2345', '30000', '564', '1040', '10401040', '1', null, null, 'Observaciones');

INSERT INTO TVS_SOLICITUD_UD (ID, ID_UM, ID_CONSTANTE, FEC_HORA, NOMBRE_UNIDAD_DOCUMENTAL, DESCRIPTOR1, DESCRIPTOR2, NRO, CODIGO_SERIE, CODIGO_SUBSERIE, CODIGO_SEDE, CODIGO_DEPENDENCIA, ID_SOLICITANTE, ESTADO, ACCION, OBSERVACIONES) VALUES (53, '4949450', null, '2018-06-07 16:31:43.796000', 'Unidad 52', 'Descriptor 1', 'Descriptor2', 'e4c22850-8d12-4f92-9421-ee87490b2345', '30000', '564', '1040', '10401040', '3', null, null, 'Observaciones');

